Test Image,Num. Cranberries
_1010217_JPG.rf.ac86e693835b6fe175c267447dcf044c.jpg,51
3d3fac2c_jpg.rf.656ff15b40f0863b6d19c9dafd75bd95.jpg,32
fb9a4da3_jpg.rf.db4e6063b48fd0bfe3fe2cb6316865a7.jpg,28
108_2019_10_02_4864_3192_1216_png.rf.f65aa832d83d65fbb841be5186c8f4eb.jpg,44
ef0f53ad_jpg.rf.4de5cd768245b94db86fb8f43d0b342d.jpg,38
_1010115_JPG.rf.3c1377db0c13a406c2e0d57b611fd521.jpg,1
271_2019_09_11_4864_456_1824_png.rf.c322015b741c4cd473e3a432dbaec72b.jpg,61
270_2019_09_11_4864_456_608_png.rf.c2fdaf90b66798a518f7c97f3740d518.jpg,69
download--5-_jpg.rf.284ee65a7e4b2cac26060030fc58dde7.jpg,6
images--24-_jpg.rf.8f13ab755ccf8cf50bd84735190b8fb9.jpg,14
download--6-_jpg.rf.880d93559d5890514380c01b4eac28f0.jpg,16
IMG_2196_jpg.rf.18d0267544595390fff18d2e01e32e61.jpg,9
istockphoto-922845584-612x612_jpg.rf.a1389e86cf82fddec77e61a141ef9139.jpg,9
3ffdfbd2_jpg.rf.13b6ab061e726199bb23acef78456073.jpg,11
108_2019_10_02_4864_1824_3040_png.rf.dd86cb871a84f99d1ad3bf685d223a81.jpg,43
images--23-_jpg.rf.37c8d43620a117da6aa603dc4c62334c.jpg,53
271_2019_09_11_4864_456_4256_png.rf.ab1130536bd0f581f47b28820b6da845.jpg,33
download--11-_jpg.rf.f2e995fa86478998138727b0fa36d3c2.jpg,35
271_2019_09_11_4864_456_3648_png.rf.4862f8943d52d133e5833d29f9de04b9.jpg,61
istockphoto-92400029-612x612_jpg.rf.07efdb57c207999c086dc5eb808819bf.jpg,44
IMG_2165_jpg.rf.03c7d6bdf2a6be074100be99c1994d0c.jpg,7
images--34-_jpg.rf.2c1d2f947296ab883ab48f4153aa0c91.jpg,3
271_2019_09_11_4864_456_3040_png.rf.5b83a729e28c965876aa149f9fd21664.jpg,69
istockphoto-955166406-612x612_jpg.rf.4daccabeb5b4507af0c16a4c255a9c44.jpg,14
istockphoto-1268366236-612x612_jpg.rf.f16ac9ffe1bf4bde02e4267aa0c3f236.jpg,4
8dce1a7e_jpg.rf.7761ee3e8aef70cfb1a640d689b5cabb.jpg,14
f5815e26_jpg.rf.3c2c53f67bdcd78818aa8309fdec4cf5.jpg,13
_1013649_JPG.rf.4b880e8025efa52357407c0d98e8ef09.jpg,143
108_2019_10_02_4864_3192_608_png.rf.8cfd1346cf6686f8cc75792f08003ce0.jpg,32
images--15-_jpg.rf.289bb2fb1cca1f3c35d74eeba7183424.jpg,44
108_2019_10_02_4864_1824_1216_png.rf.00c8056c6d74ea954f91116641bada82.jpg,54
108_2019_10_02_4864_1824_4256_png.rf.d5f6d1f48cf4e4f5a3e1f0faea6d0436.jpg,57
f2021baa_jpg.rf.3ebe218cf33c3720f8746e733b98c013.jpg,25
_1013656_JPG.rf.7b0e24c0cb46d7b07ee798ba8eba672a.jpg,0
IMG_2202_jpg.rf.01c696d5cdcc20df4290ad90762bcd16.jpg,39
istockphoto-1015849558-612x612_jpg.rf.687bba010ebeaee30b70b4ab73db4862.jpg,6
_1010205_JPG.rf.a42e7fa7b1276e514881c54ae7a47223.jpg,0
270_2019_09_11_4864_00_1824_png.rf.7260e1c0f49d2e31ff45364ad8978056.jpg,69
_1013650_JPG.rf.557f70c553e48bc1243cca599fc8d339.jpg,160
_1013647_JPG.rf.e99bb15c603093d0ef6bd8fab3fba596.jpg,220
f6f974bb_jpg.rf.bf3938fb17d8e66fef32f12ab148ca5c.jpg,21
109_2019_10_02_4864_00_3040_png.rf.d753841a1312b19abd356938e67c9d0d.jpg,32
e9f02d84_jpg.rf.f1a81c835e8305096e236cca24d338b9.jpg,17
IMG_2215_jpg.rf.cb6dc534202d318f8c94220423c08bca.jpg,90
IMG_2206_jpg.rf.8e6475af8f48611f3965efb6464a4aae.jpg,171
images--17-_jpg.rf.36e269e0f9b58a3abf14e43962053573.jpg,31
230_2019_10_18_4864_1368_00_png.rf.c4df693207353102e75139aa5efdb753.jpg,6
e80dd5fd_jpg.rf.886b4cf5a3d217a08ae1fadc9dadb629.jpg,8
271_2019_09_11_4864_00_1216_png.rf.27122856b93c996d421c8be334491d29.jpg,75
_1010229_JPG.rf.0d43196628adcb3ef95a1d69d98eaf23.jpg,65
_1010234_JPG.rf.dfe4c53efbb5cc33b71bb66b2ece9d59.jpg,0
270_2019_09_11_4864_1824_00_png.rf.2678a5147542f6e49c2c38062f3df9a9.jpg,24
ed1bcdf3_jpg.rf.049975a5057d214a68f621d2a65f1416.jpg,4
270_2019_09_11_4864_1368_4256_png.rf.269fd299fa664b11714deb4662dfa1d4.jpg,68
images--8-_jpg.rf.6610e63942efaa68213e4245262e287d.jpg,8
108_2019_10_02_4864_2280_4256_png.rf.97c97c3c8961853682e78936aed785cc.jpg,49
_1013629_JPG.rf.d26f09ec3d35b92a58326124e7cb62d4.jpg,89
IMG_2208_jpg.rf.66a0779e6b56367713e8c910c6923ebd.jpg,37
_1010254_JPG.rf.8624684e0be97595212d446bd4dcf080.jpg,3
SD-1-3_JPG.rf.57b3f31104709ce3f96e6eb1908a1d3b.jpg,129
SD-4-3_JPG.rf.df44dc7a6d8e374fa0312e16ea1d37f0.jpg,56
istockphoto-957856710-612x612_jpg.rf.1922bdb7e04cabb939e2e8a3667b29ed.jpg,12
IMG_2172_jpg.rf.868d3f497f38b6b23a0f6aeb7e01faf1.jpg,54
istockphoto-1269523351-612x612_jpg.rf.6a33c4b9aa9494c5f3ba4562bcde28ac.jpg,8
2b850597_jpg.rf.22be3f403a6d103a73b9310b57dc3832.jpg,13
istockphoto-953911950-612x612_jpg.rf.2164c7ef1da5834d90f20697701a78e2.jpg,5
images--10-_jpg.rf.f25021533ebdb9ee4013729af83ea168.jpg,39
e31c820c_jpg.rf.e90783c59b18aebab74b80440e127673.jpg,29
270_2019_09_11_4864_3192_00_png.rf.f394926085f0d1463437117e8dc1287b.jpg,41
723dbde9_jpg.rf.7d3a169afbd7abbb62caa3043bc50c2f.jpg,4
271_2019_09_11_4864_912_3648_png.rf.a6385df3e7449a68ac0da3141562d928.jpg,50
download--10-_jpg.rf.c412c5230bf21aca3b4b98f6b50bfae7.jpg,28
271_2019_09_11_4864_912_4256_png.rf.84989ad5f9b8f3e8e3067279d1f96da6.jpg,31
_1010144_JPG.rf.8a890ee036253962ad523112b7598b79.jpg,6
_1010126_JPG.rf.a1db13025cc054ff90a4de70290955bb.jpg,7
istockphoto-923027510-612x612_jpg.rf.bf47fdbdcd4cb137e05884a2095facd7.jpg,3
108_2019_10_02_4864_00_3648_png.rf.7f87ab209f70b12e9ba939ab6478866c.jpg,30
fdc18d41_jpg.rf.2129c090ca38ad9f8baf7974e1db7641.jpg,23
271_2019_09_11_4864_456_00_png.rf.1286082522699c6ab222096fdbb5b867.jpg,82
_1010236_JPG.rf.b949bff5ff0f8b9dc7cb8a149bdf57a9.jpg,79
f35cd0cf_jpg.rf.a470adc3c053f8a083bde6b1b384805f.jpg,6
e875f988_jpg.rf.547a4787b6926feb8589552921807a05.jpg,11
2b3c1cff_jpg.rf.271a0885f355ed4dce4a159229ee595e.jpg,6
271_2019_09_11_4864_1824_1824_png.rf.22c02aa7fdd5d90e9053221bec51bcf6.jpg,79
109_2019_10_02_4864_456_4256_png.rf.ad98289ef884454442e5dc37c4079d59.jpg,39
_1010089_JPG.rf.f934edb479afc29b4516a49f7ee845bc.jpg,56
_1013641_JPG.rf.9d6ec133c92c713a5b0a49faa4d31a31.jpg,109
download--4-_jpg.rf.d01266601b9d1a567431e3bcab63e8ec.jpg,17
IMG_2149_jpg.rf.9b71886f025151ea19eefde2d2cff138.jpg,2
_1010221_JPG.rf.5b7cf35d8882b94dfd83bac4b6e54a45.jpg,2
download--12-_jpg.rf.e9ab88cab262a10d265eed7502658810.jpg,28
f725673a_jpg.rf.d8804e8b4c969cba6fb1b4a9292e6453.jpg,32
d9b46869_jpg.rf.2016a90ce579d679c828071f9022bda1.jpg,65
download--7-_jpg.rf.228a0096dacc2032ba5c855e11ec869e.jpg,18
108_2019_10_02_4864_456_4256_png.rf.131b72f0a408aaf74dac421b40302aad.jpg,38
270_2019_09_11_4864_3192_3648_png.rf.de6dce38e75d49725a50d5191ec7f31c.jpg,56
229_2019_10_18_4864_1824_608_png.rf.70315fcd70055e3561c874cea88bc4be.jpg,6
270_2019_09_11_4864_00_1216_png.rf.85a416ad054181b04ac3d68976c24040.jpg,74
109_2019_10_02_4864_1824_1216_png.rf.a70e4881e2a92d1213530322416822b9.jpg,16
ea92a4b8_jpg.rf.58cc483d32ef40eccf7dbdebe95a46e7.jpg,7
271_2019_09_11_4864_1368_3648_png.rf.dbda34db773a61db0e5334c123fb54cf.jpg,54
images--21-_jpg.rf.ba818f06c9b3f3f056943c584b28007e.jpg,45
IMG_2175_jpg.rf.1660111b804f3611e4f3db69643845d8.jpg,37
229_2019_10_18_4864_1368_1824_png.rf.4c3b1f569930f8f54764ea01c657240b.jpg,11
f7c61f07_jpg.rf.c6068b65520620bbcf0f01dcd5e0edc4.jpg,21
images--13-_jpg.rf.2bb57e65671aa2f3957d3933111c7272.jpg,19
e0c51bff_jpg.rf.6e140fe94537e374565f6fde081dafc8.jpg,19
_1010261_JPG.rf.cd327ca5f349d24b53fed2c9fb364c8c.jpg,140
images--29-_jpg.rf.4c5a7403ef946310f15b049f54cebce4.jpg,13
270_2019_09_11_4864_00_00_png.rf.89a16fe23785ba02541280e42767906b.jpg,54
_1013624_JPG.rf.b807debeca4d102c9dc4040cf52f9405.jpg,0
istockphoto-923027046-612x612_jpg.rf.626cadabf45ef309ebd9e725316f49fa.jpg,11
6eb5bcdf_jpg.rf.a28ca37ef530c97390f6a37b3f70aeda.jpg,12
229_2019_10_18_4864_2280_4256_png.rf.dce762dc5d44961ac234f09c62731a6f.jpg,4
229_2019_10_18_4864_00_608_png.rf.4e8a2d99adcc72b05acb9088c6513804.jpg,9
4cc0d7e1_jpg.rf.d3a37fdac3cd569c0ec41ca7f474c67a.jpg,3
download_jpg.rf.d5f55b31e6d3a439b25c3fa4a1bbd398.jpg,15
download--1-_jpg.rf.00be47df11253964b3400ccd50a10a5e.jpg,16
istockphoto-1289568154-612x612_jpg.rf.fb4769204a8321c2e7c89d8d4f844edf.jpg,8
istockphoto-954307466-612x612_jpg.rf.2f9a79a981f69d9c85aed3910b8dac69.jpg,13
f217ef5b_jpg.rf.e518bc5aca231338fe3c287f4fd21bad.jpg,20
_1010103_JPG.rf.74c366bae7ea010a50d9b80a02b747e9.jpg,0
eb7339c6_jpg.rf.4e147b6809994730ffe90c80fef2a90b.jpg,14
270_2019_09_11_4864_2280_4256_png.rf.7020491ff2be1ddc64def89441d59f1e.jpg,37
SD-3-1_JPG.rf.7fb7bce70585fac11c64a21ce2fc0df4.jpg,118
_1013619_JPG.rf.422084715e537647ee8f7f21d7bfa0f4.jpg,57
_1010225_JPG.rf.de9dd97d0ef2a4ec4da2429826524dd5.jpg,5
108_2019_10_02_4864_1368_2432_png.rf.6ec10cb4cef36578d0b9ae070af830e5.jpg,34
786c80b0_jpg.rf.52bb2ac3e138418ff963eb27cfc0ef90.jpg,40
e5cb89a5_jpg.rf.185195aa62f09367d729e84823a8a2dc.jpg,10
download--9-_jpg.rf.d4343302f61ae840776d51dd42796e55.jpg,45
229_2019_10_18_4864_1368_3648_png.rf.e741650816b54ce2fafcfe71be658ec6.jpg,9
718d68ac_jpg.rf.23644bbac01fe331c3ba8dfe0069aa71.jpg,12
109_2019_10_02_4864_1368_3648_png.rf.da8742d27f5025826a5d1822a64b2dee.jpg,43
_1010216_JPG.rf.4b4c6ffef56da7734e879c1ca5d79ca7.jpg,131
270_2019_09_11_4864_00_608_png.rf.8c0d796db8afe03ac260580d36c5ad26.jpg,60
istockphoto-1287381195-612x612_jpg.rf.cb7fec81d048eddcae31dab5425e9012.jpg,6
images--5-_jpg.rf.846ded6b95b0717325466df1c8bf39b6.jpg,5
271_2019_09_11_4864_00_3040_png.rf.1f207aa7b65c37e34ee96cd6d7a43f13.jpg,83
SD-2-1_JPG.rf.607dc9ee9c89217a041448c43f0be29f.jpg,109
e16567dd_jpg.rf.46c40f55a96a9d7eff48f01a5f5bde25.jpg,13
270_2019_09_11_4864_912_3648_png.rf.d6cd5fb6dd2d42a847602c4b67b1330f.jpg,65
229_2019_10_18_4864_2736_3040_png.rf.86d22bf0e6465aa313f16856b08f84ac.jpg,9
230_2019_10_18_4864_1368_3648_png.rf.a36cff149e501b4fbdce22cc5a894665.jpg,10
IMG_2148_jpg.rf.76f64f010d925491043ed092d0f5647d.jpg,28
e77cf139_jpg.rf.3a5ca868b24cdf6e5c64a395a63ec5e9.jpg,85
_1013618_JPG.rf.b173bc65f187effc68959cc51fd66da0.jpg,0
53683022_jpg.rf.18689b41076a79e0b6b5bdf2a51bc399.jpg,40
istockphoto-92284729-612x612_jpg.rf.3f9cbb61e2a863144a2a1acf2603f735.jpg,20
_1010266_JPG.rf.718bd1c74a9dbf585283d18eecabc43f.jpg,5
_1010178_JPG.rf.e86af549c721e85b6e0427e44f1bb26a.jpg,17
_1010091_JPG.rf.cb88644fbef5b86e760f925d2aadb97a.jpg,53
109_2019_10_02_4864_456_1824_png.rf.6eec4aaccad7c1dd87f4fc72556aff49.jpg,20
images--12-_jpg.rf.a3ada33b2e165d8abac8fa2cf731d185.jpg,43
108_2019_10_02_4864_2280_1216_png.rf.9603cd2215570f5608518973f696e29e.jpg,55
230_2019_10_18_4864_456_4256_png.rf.625713d2c019d9536163daa4e49219d0.jpg,8
images_jpg.rf.f65a12980035583c78dbceaa684aa06c.jpg,23
_1010253_JPG.rf.9ecd4a80933add65c62f3b56799305df.jpg,61
f8d3dba3_jpg.rf.53bc7c17b4235ca5ade8dc37eaf28c3f.jpg,27
_1010120_JPG.rf.f1b027b9d3bc22b5f42e4c6930885862.jpg,114
109_2019_10_02_4864_00_1216_png.rf.6af401503a315ad695a1a19359a76243.jpg,11
fff0543c_jpg.rf.d90b6bfb9c4c01f38be278e6bf839670.jpg,5
270_2019_09_11_4864_2280_608_png.rf.bc5ef913caa2e66ed3fc0b340d1e1c58.jpg,59
230_2019_10_18_4864_456_2432_png.rf.54d2400842332b30e681374e4fa56328.jpg,13
270_2019_09_11_4864_3192_4256_png.rf.44a8f5366f7ac2921c645f59d99eaa5f.jpg,30
271_2019_09_11_4864_00_1824_png.rf.abbd1d567b3aa7d4ca48b1ec7c13dadf.jpg,50
images--1-_jpg.rf.11396abc3e56bd7839e4714e45cb9ca3.jpg,37
3ab22a24_jpg.rf.7880ede24edded6adedb64bb0c251654.jpg,23
istockphoto-1285286146-612x612_jpg.rf.493004a02a32f16a94f26b68aff9792b.jpg,11
IMG_2160_jpg.rf.8101b1265c29d0f242bcd9f0ed4367b0.jpg,127
images--11-_jpg.rf.0c5ad6e21d6cca10bfc74445bbc8d6fe.jpg,25
270_2019_09_11_4864_912_1824_png.rf.1839b865019c0e03748becb67215cb5b.jpg,76
230_2019_10_18_4864_912_1216_png.rf.e05247f397a54e2bda221d1c954d26ce.jpg,21
images--7-_jpg.rf.b160397f32823c255ec96663b6799e51.jpg,6
ed5dab89_jpg.rf.72d6c880a8aec2fb4fa3d84a08243791.jpg,23
270_2019_09_11_4864_3192_3040_png.rf.c27be676ae89cfae76b7c6207c15defa.jpg,55
28c8723c_jpg.rf.9b55bb368caa9edde3097189d548d418.jpg,29
images--22-_jpg.rf.458ee05c6111cbe48f1e7b20fd269b7a.jpg,13
a9486fb8_jpg.rf.3dcf9dc5dabf0e87d616e68c637a807a.jpg,6
108_2019_10_02_4864_3192_00_png.rf.0d1eb9b79bb57facc74555b1d7a9bed4.jpg,27
IMG_2205_jpg.rf.564dc07712efcd392de07657c13fd0b3.jpg,70
c5890aea_jpg.rf.cd240ca4ffbd12c4b1b52c5060406a9d.jpg,9
350d1ccb_jpg.rf.39763652a8b48b92f7ccff1c5198abfe.jpg,25
_1010265_JPG.rf.fec5a5511f46a7d99623037c91e2d95f.jpg,6
270_2019_09_11_4864_1824_1216_png.rf.613a2b5590b31bb6983dcca330f0993c.jpg,45
istockphoto-986141818-612x612_jpg.rf.b32011b38ef1206f583b99046b51d97a.jpg,13
IMG_2204_jpg.rf.40a7cd5b53c5ab8944df165b2f950b81.jpg,30
images--28-_jpg.rf.43be8e071491f8b83895e89c71886533.jpg,26
e6227aca_jpg.rf.bae3ec764e8cd82b8987b005ff6aead8.jpg,7
IMG_2164_jpg.rf.dc3c36d01519c6c57ec27cdbbf132e39.jpg,102
109_2019_10_02_4864_456_1216_png.rf.8eb86241484d706d18e1c305335fea14.jpg,26
_1013646_JPG.rf.f1492f157f47b5f4c4132e161a5f5d55.jpg,232
108_2019_10_02_4864_2736_4256_png.rf.dae600259c4e735271307ddbd1fcef46.jpg,29
download--3-_jpg.rf.b042f52cda0c670e13e1de0fcd9e7d32.jpg,25
SD-2-3_JPG.rf.63d053148c587e620f7b32fc3b7edfaa.jpg,109
108_2019_10_02_4864_00_00_png.rf.4839cda68c4234a5b290767bba32c190.jpg,25
_1010239_JPG.rf.6a1fd44262528e4762b8bb3fccb6751f.jpg,0
efefdd0e_jpg.rf.7edcabf0c476fb4e18109332e71668b0.jpg,13
IMG_2162_jpg.rf.04ef21a93f88cdb510e2a0c4dcfa9741.jpg,20
108_2019_10_02_4864_456_2432_png.rf.ffa80b1dc440140794b0bf0910cd4906.jpg,34
istockphoto-1270815942-612x612_jpg.rf.acb7fa06dec757816490c12c04acf903.jpg,9
istockphoto-984839728-612x612_jpg.rf.abe8689762fc30c0926060eabc7f1d3c.jpg,9
109_2019_10_02_4864_00_1824_png.rf.7bbeb2962a0706d1efee816f54c4ce83.jpg,39
_1010235_JPG.rf.67a7b44ccdf4b829355c49c4cc92a49d.jpg,0
271_2019_09_11_4864_1368_1824_png.rf.25108213efde6ab3df5902d8bda5c14a.jpg,68
e6c60f78_jpg.rf.2055801c316d20b0c797e6710939a97a.jpg,10
270_2019_09_11_4864_00_4256_png.rf.b5df20da113bdb1ca9605c8d64a79b60.jpg,40
IMG_2212_jpg.rf.9fd6f613316a73fd65498d491dee5813.jpg,170
images--2-_jpg.rf.a31093585829f1ea78a776e91a5162e1.jpg,17
835d4e83_jpg.rf.b6e75d26858557cba4009ca7c179b57c.jpg,15
download--2-_jpg.rf.54e20ad6087c7f13ed97ab581706656d.jpg,44
_1010256_JPG.rf.30e0ab6c9d469505d307267f74ec3afb.jpg,0
108_2019_10_02_4864_00_1824_png.rf.e13bfa98d6ddb017afe0f3e5d9c262c2.jpg,32
istockphoto-1020111590-612x612_jpg.rf.96cd1df9fb7808161e46b0aead932364.jpg,22
109_2019_10_02_4864_912_2432_png.rf.6aceefcaaec37008b7aed65b5a0b4da7.jpg,28
270_2019_09_11_4864_456_3040_png.rf.7e6d93081c879751643987c0481c2f84.jpg,82
IMG_2157_jpg.rf.88d2e94187a83060e9cf3fd4db09cbf4.jpg,79
_1010231_JPG.rf.d6f651d9543c17248354461267a163b0.jpg,0
images--14-_jpg.rf.63ccf75afc1e18604e69eeb9a0c43369.jpg,16
270_2019_09_11_4864_2736_2432_png.rf.65d2db133771d6d5125c8dfc2ddb86fd.jpg,68
IMG_2203_jpg.rf.464dc891e4dcf5c9e51795efc2c2d507.jpg,75
IMG_2201_jpg.rf.bf8f81ecb01959cf907b14ffbdfdcf42.jpg,14
download--8-_jpg.rf.3e3a055b67de12610cc0dd6458125850.jpg,13
dd30a0df_jpg.rf.ffb0e9943eeadd4968e7ef33091b192d.jpg,9
